Datetime,Water Level (m)
2025-04-24 06:00:00,0.66982275
2025-04-24 07:00:00,0.81959265
2025-04-24 08:00:00,0.78647953
2025-04-24 09:00:00,0.57605606
2025-04-24 10:00:00,0.33717036
2025-04-24 11:00:00,0.117649265
2025-04-24 12:00:00,-0.08142932
2025-04-24 13:00:00,-0.2722482
2025-04-24 14:00:00,-0.41216427
2025-04-24 15:00:00,-0.31434226
2025-04-24 16:00:00,0.10627846
2025-04-24 17:00:00,0.48778126
2025-04-24 18:00:00,0.8465818
2025-04-24 19:00:00,1.0261947
2025-04-24 20:00:00,1.0177935
2025-04-24 21:00:00,0.76157445
2025-04-24 22:00:00,0.48580298
2025-04-24 23:00:00,0.24892844
2025-04-25 00:00:00,0.032674573
2025-04-25 01:00:00,-0.1810363
2025-04-25 02:00:00,-0.35638565
2025-04-25 03:00:00,-0.45467994
2025-04-25 04:00:00,-0.12657343
2025-04-25 05:00:00,0.28233808
2025-04-25 06:00:00,0.73033667
2025-04-25 07:00:00,1.023864
2025-04-25 08:00:00,1.1547652
2025-04-25 09:00:00,1.0165585
2025-04-25 10:00:00,0.70592135
2025-04-25 11:00:00,0.42767006
2025-04-25 12:00:00,0.21850832
2025-04-25 13:00:00,-0.007206736
2025-04-25 14:00:00,-0.21945512
2025-04-25 15:00:00,-0.37638763
2025-04-25 16:00:00,-0.24783675
2025-04-25 17:00:00,0.22507992
2025-04-25 18:00:00,0.65028095
2025-04-25 19:00:00,1.0097699
2025-04-25 20:00:00,1.1462421
2025-04-25 21:00:00,1.0637285
2025-04-25 22:00:00,0.76380265
2025-04-25 23:00:00,0.48454198
2025-04-26 00:00:00,0.25137573
2025-04-26 01:00:00,0.023278506
2025-04-26 02:00:00,-0.18852961
2025-04-26 03:00:00,-0.3601951
2025-04-26 04:00:00,-0.42553905
2025-04-26 05:00:00,0.09229023
2025-04-26 06:00:00,0.5324182
2025-04-26 07:00:00,1.0028881
2025-04-26 08:00:00,1.2323315
2025-04-26 09:00:00,1.2927797
2025-04-26 10:00:00,1.0354629
2025-04-26 11:00:00,0.7064153
2025-04-26 12:00:00,0.4410229
2025-04-26 13:00:00,0.2195608
2025-04-26 14:00:00,-0.020223169
2025-04-26 15:00:00,-0.22473904
2025-04-26 16:00:00,-0.3712091
2025-04-26 17:00:00,-0.15253079
2025-04-26 18:00:00,0.34860486
2025-04-26 19:00:00,0.82326895
2025-04-26 20:00:00,1.1382995
2025-04-26 21:00:00,1.2183511
2025-04-26 22:00:00,1.0361723
2025-04-26 23:00:00,0.71110004
2025-04-27 00:00:00,0.43979186
2025-04-27 01:00:00,0.2135208
2025-04-27 02:00:00,-0.022878986
2025-04-27 03:00:00,-0.22401606
2025-04-27 04:00:00,-0.38840207
2025-04-27 05:00:00,-0.35335106
2025-04-27 06:00:00,0.24614875
2025-04-27 07:00:00,0.73481965
2025-04-27 08:00:00,1.1760097
2025-04-27 09:00:00,1.3654728
2025-04-27 10:00:00,1.3270807
2025-04-27 11:00:00,1.0031533
2025-04-27 12:00:00,0.68387026
2025-04-27 13:00:00,0.43815053
2025-04-27 14:00:00,0.19949722
2025-04-27 15:00:00,-0.04175126
2025-04-27 16:00:00,-0.23020409
2025-04-27 17:00:00,-0.35132524
2025-04-27 18:00:00,0.109926865
2025-04-27 19:00:00,0.5601154
2025-04-27 20:00:00,1.0222794
2025-04-27 21:00:00,1.2178773
2025-04-27 22:00:00,1.2124248
2025-04-27 23:00:00,0.93267417
2025-04-28 00:00:00,0.62129474
2025-04-28 01:00:00,0.37728828
2025-04-28 02:00:00,0.15211134
2025-04-28 03:00:00,-0.07954454
2025-04-28 04:00:00,-0.26704556
2025-04-28 05:00:00,-0.4142731
2025-04-28 06:00:00,-0.101100914
2025-04-28 07:00:00,0.45584866
2025-04-28 08:00:00,1.0117985
2025-04-28 09:00:00,1.3741441
2025-04-28 10:00:00,1.5229053
2025-04-28 11:00:00,1.3517165
2025-04-28 12:00:00,0.99292284
2025-04-28 13:00:00,0.6840261
2025-04-28 14:00:00,0.40749654
2025-04-28 15:00:00,0.13927698
2025-04-28 16:00:00,-0.08686062
2025-04-28 17:00:00,-0.27157357
2025-04-28 18:00:00,-0.37102377
2025-04-28 19:00:00,0.15174958
2025-04-28 20:00:00,0.588313
2025-04-28 21:00:00,0.99462056
2025-04-28 22:00:00,1.0949451
2025-04-28 23:00:00,1.0149163
2025-04-29 00:00:00,0.7279127
2025-04-29 01:00:00,0.45656058
2025-04-29 02:00:00,0.22242613
2025-04-29 03:00:00,-0.0074755508
2025-04-29 04:00:00,-0.20733204
2025-04-29 05:00:00,-0.3797375
2025-04-29 06:00:00,-0.4685399
2025-04-29 07:00:00,0.10455418
2025-04-29 08:00:00,0.5993681
2025-04-29 09:00:00,1.1426393
2025-04-29 10:00:00,1.4159077
2025-04-29 11:00:00,1.506684
2025-04-29 12:00:00,1.2449065
2025-04-29 13:00:00,0.87149054
2025-04-29 14:00:00,0.5791561
2025-04-29 15:00:00,0.34314597
2025-04-29 16:00:00,0.08955192
2025-04-29 17:00:00,-0.1297476
2025-04-29 18:00:00,-0.29939812
2025-04-29 19:00:00,-0.2818275
2025-04-29 20:00:00,0.2695444
2025-04-29 21:00:00,0.6840652
2025-04-29 22:00:00,1.0083725
2025-04-29 23:00:00,1.0417308
2025-04-30 00:00:00,0.8997444
2025-04-30 01:00:00,0.6136175
2025-04-30 02:00:00,0.36240667
2025-04-30 03:00:00,0.1395564
2025-04-30 04:00:00,-0.0819711
2025-04-30 05:00:00,-0.26649588
2025-04-30 06:00:00,-0.42340523
